score,distance_to_goal,n_steps,sum_dists,payload_pos_w,payload_vel_w,payload_accel_w,payload_quat_w_0,payload_quat_w_1,payload_quat_w_2,payload_quat_w_3,drone_quat_w_0,drone_quat_w_1,drone_quat_w_2,drone_quat_w_3,payload_angvel_w,drone_angvel_w,cable_angles_w,N,velocity_ref,r_T,r_tau,W_Tf,T_f_initial,N_lookahead
0.13785518342953118,0.4963113830389116,1248,1692.75917147656,9.81753931330093,0.191324202558108,0.101040322577169,0.0906526699893534,0.231870121357868,0.246607324703919,0.0201462697714508,0.272467757523852,0.279022962377033,0.0379100888996108,0.291848075042411,0.263800935539326,0.242434653206998,0.239028910167166,11,4.48465183171528,0.095294066664569,0.132363467070303,0.124419682092534,1.58763406393806,5
28.42422515830467,28.42422515830467,1,0.0,40.84443440871049,0.18343478986616382,0.7796910002727695,0.5968501579464871,0.44583275285359125,0.09997491581800291,0.45924889196586727,0.3337086111390219,0.1428668179219408,0.650888472948853,0.05641157902710027,0.7219987722668249,0.9385527090157504,0.0007787658410143285,20,6.174815096277166,0.611653160488281,0.007066305219717408,0.02306242504141576,1.5743239807751679,5
0.9003256614148003,0.9003256614148003,4308,408.44965376502313,7.099954844612695,0.9737555188414594,0.23277134043030429,0.09060643453282081,0.6183860093330874,0.38246199126716285,0.9832308858067884,0.46676289324798004,0.8599404067363208,0.6803075385877798,0.4504992519695431,0.013264961159866532,0.942201755684853,0.5632882178455394,11,0.15966252220214197,0.23089382562214905,0.24102546602601177,0.6832635188254583,1.829989973347863,8
2.055321296842419,2.055321296842419,1083,1317.5654494214177,12.801409407849745,0.3910606075732409,0.18223608778806236,0.7553614103176527,0.4251558744912448,0.20794166286818888,0.5677003278199916,0.03131329245555859,0.8422847745949987,0.4497541333697658,0.39515023600181454,0.9266588657937944,0.727271995856421,0.32654076880583544,14,5.208342600258238,0.9611720243493493,0.8445338486781516,0.747320110137381,1.6190763971672397,6
19.451780432981295,19.451780432981295,12001,420.52766755763406,48.43648882688622,0.6070342476866848,0.2759991820225434,0.29627350570408245,0.16526693906300252,0.015636406741193935,0.42340148070636974,0.3948815181755698,0.2934881747180382,0.01407982271508446,0.1988424040888052,0.7113419527486501,0.7901755405312059,0.6059599747810115,19,6.5107702550194455,0.914959675543781,0.8500385777897995,0.4494506741382035,0.28623034947123405,4
28.42422515830467,28.42422515830467,1,0.0,35.09785636986233,0.6659223566174968,0.5912977877077272,0.2747217929900642,0.5612434258477013,0.38292687475378995,0.971712095389104,0.8489138242660841,0.7217295211648733,0.2359849197489558,0.256068322761324,0.040433589538431354,0.7106628896857875,0.11089082081183135,12,2.0171920233539624,0.8957635956735196,0.47537022318211186,0.5632755719763838,2.086548259278383,2
14.399302237396958,14.399302237396958,991,649.0187352087892,32.19878206750178,0.5398410913016732,0.20306122473476945,0.9428535705579812,0.5988654664885361,0.6947849330397047,0.8804678390152579,0.6243540481337934,0.29563368583771404,0.10549425983027064,0.45653457048291035,0.21844043721683365,0.4165099478703663,0.8832802589188685,10,1.2208795470067337,0.35629783807697496,0.9068284415457543,0.27213224938463537,1.9430703616240872,1
1.0237261001503315,1.0237261001503315,5279,36657.52157387457,20.865598535037606,0.3047812581580291,0.16465585314294176,0.5340894193754421,0.4848299713589833,0.6924360328902704,0.26941233379852153,0.24412552224777423,0.1682910421729306,0.2187642195730703,0.5581020020173413,0.4038361710580409,0.06489224710898157,0.25391541393434475,9,6.963042728397885,0.7122705899244421,0.14808692995339992,0.9977404850489421,0.8003430428258551,10
28.349702357508484,28.349702357508484,46,0.09665304181599911,23.496665599320412,0.03305073290054839,0.34507124802668304,0.6343513447013639,0.6807054515547669,0.5309345833171365,0.44778316457309175,0.5528930890713281,0.5926967238793936,0.08085332633271526,0.3696544560614045,0.24215993827742593,0.8031397563798961,0.47030063444603853,20,3.988244424445532,0.8164318732193842,0.7983451249845513,0.1507175439654295,1.5245963302221563,7
18.373536460914785,18.373536460914785,476,106.02234434846106,43.6261462166174,0.3259589052018848,0.22024104756554835,0.7111495324380179,0.8095010461397156,0.34866598729172943,0.09617655109142079,0.9405232644896042,0.39757202108752243,0.5177513505274802,0.8377101059073282,0.6756901170392808,0.7352161192407722,0.20907162073771374,13,6.9578439934508225,0.22855002179729972,0.1749549270959362,0.9821683433294358,1.5499076738130433,3
21.204198788504936,21.204198788504936,2243,11488.912522730545,49.8314164891066,0.9654193512887939,0.5582934536070977,0.8826363431893399,0.18870710834137944,0.27887135259218193,0.7003578299727714,0.8466611422383061,0.8563242918780927,0.4045081271221902,0.88777009876096,0.850928448767513,0.9356349942209478,0.7853406511139438,15,5.806866214364548,0.37228276656174314,0.9401334424577786,0.9736638367553175,0.8517629242123972,4
3.2053497495655607,3.2053497495655607,10263,61415.76453901403,16.75253854659084,0.25079502683793947,0.11112379532587106,0.3496336590402925,0.40727583822891567,0.5424046924555636,0.029333952627653596,0.1321874828542358,0.14711804252499977,0.29885516550216323,0.5546502798061589,0.5102334424147709,0.021281926517773858,0.04917985581752373,9,8.423319936674124,0.6932590201907125,0.0,1.0,0.5653683011141973,10
28.42422515830467,28.42422515830467,1,0.0,43.02287035674465,0.5411683222689977,0.0,0.9773428662211172,0.0,0.5775826859999088,0.44304689879298326,0.0,0.7470253096371359,0.8629227403745322,0.7068715111851057,1.0,1.0,1.0,8,8.288866930874924,0.0,1.0,1.0,2.9405767297514327,10
0.7824835546131317,0.7824835546131317,1563,2175.5695802326118,10.336636245195347,0.2801304218025772,0.11017787459575339,0.33752972687534316,0.3105446081914529,0.2624348575583383,0.22052280712708855,0.1919976261384162,0.44033087074510413,0.17605416894012954,0.3451897836512897,0.4788032560067871,0.3726792361622551,0.2987629695642509,11,4.590432840204266,0.35785343532135533,0.34942084384288796,0.36855531382402545,1.579783388369911,5
4.037889169732496,4.037889169732496,2800,7753.559430009278,5.630523434503546,0.45317874815598164,0.11465823272221691,0.2160804885908079,0.41997741945121314,0.2656658209052082,0.3577762223318105,0.472597505188121,0.6505882103709277,0.22393039426093522,0.303123031947976,0.26239599072166864,0.5096902198914838,0.5237622358267837,10,2.975075235355203,0.14215814092772266,0.5148232958007705,0.0,2.3571881115850335,2
27.42481133494641,27.42481133494641,234,0.687008315744002,9.574764593948542,0.1978265393516166,0.105923847544079,0.0,0.14777018066690245,0.17297571681074023,0.015296438025438818,0.31983796311943674,0.24605279420587997,0.130262768312954,0.31559468118744766,0.08805916540905531,0.2092245637862457,0.14436261735220796,11,3.052037933994079,0.030154127000608037,0.002998708295561979,0.11948784638379652,1.4525016955205976,6
19.015650277227994,19.015650277227994,12001,16.112425324220006,5.0,0.611729812429929,0.07995094994101108,0.09588554272506544,0.4629214267449178,0.4551826755890866,0.7560582035114802,0.3800700001315546,0.31855565318848944,0.3723112183233176,0.4797740562792514,0.3224848235394224,0.5296110944419125,0.31098286288780386,7,2.559045814496184,0.38789954660581116,0.2375757272718287,1.0,1.0670136215594166,10
3.3851408089091346,3.3851408089091346,1136,3950.555888437245,12.67259067589907,0.3675862038551719,0.0,0.8111307777590613,0.5126545299887488,0.47166593168310966,0.1385521675956023,0.026232060489050857,0.6969688732420194,0.23777516931152695,0.44092936036056524,0.777474552324646,0.25313199809120585,0.6257734150701403,11,8.227219482904461,0.47022723656715587,0.5362446764245403,0.34499204641112086,1.9611105806684082,3
28.42422515830467,28.42422515830467,1,0.0,12.299271752557713,0.18790315330485682,0.6063083641210714,0.14592573802097378,0.523036152440671,0.18999558682051362,0.48944128895984873,0.20829664376569673,0.9817221562178209,0.09047233881154103,0.09408930535615104,0.3360839999866437,0.6240245146925532,0.412090076028996,12,4.030643798578889,0.8965543136401358,0.28239235565319537,0.6501402698229695,2.2545620027368916,4
1.582690442893053,1.582690442893053,1736,4060.7353774306043,14.853878253455886,0.38730058076224577,0.10163277585294074,0.38772490249520997,0.40684864326319287,0.35718525142461316,0.0,0.09710972156261372,0.4752330483931835,0.35551079795178087,0.31717403022935103,0.5885969120332353,0.19059837210098005,0.07215086318429911,12,7.766781779678775,0.6618551589063524,0.0,0.7873856316323137,1.1674359714015954,8
28.42422515830467,28.42422515830467,1,0.0,7.369638769093871,0.24172311892430542,0.0971670250876897,0.13650472596544858,0.23647344945062918,0.16756112609407287,0.9130367240637345,0.4404929097360184,0.3991759810077153,0.034738623020167336,0.6352021872401387,0.8680411333412273,0.03102513116404288,0.9661115622754726,12,4.509129341845599,0.5202951545993932,0.16900326471760518,0.4147932506384086,2.5709798608682033,8
28.42422515830467,28.42422515830467,1,0.0,23.03925006729943,0.7700241793316577,0.09972107035471879,0.18847983627538775,0.27508468396703384,0.6909276837184964,0.0,0.8450362944980455,0.987667635965637,0.042781116697061305,0.42369233232292114,0.3050703662575422,0.8483289456198198,0.019921187359384848,14,0.7986854705471563,0.09068167501712986,0.052408376536133484,0.18663367884609064,1.0471342079386585,3
1.9374490873501655,1.9374490873501655,2832,1033.9350110589967,6.476396057127758,0.41785176466247076,0.01005782975384281,0.0,0.08215727628353069,0.2609213917918279,0.0,0.7059617974143714,0.27143946016358644,0.11786950818976011,0.16616918730859298,0.153231868267079,0.4774987655866582,0.2166498532859417,10,5.581091154698319,0.011894776621220543,0.09463215082772591,0.27496973898028004,1.7250372341612301,7
0.7951828141666568,0.7951828141666568,670,1647.7161436790257,10.464437668281736,0.22367040817829065,0.09431530768874609,0.6082800136263985,0.4258833805174134,0.5786297747855262,0.30998238134227674,0.6529397615228476,0.38284021583270805,0.352767421891995,0.33223166871285587,0.8292590511491457,0.49608661906070045,0.43337497048408186,15,5.938798485052228,0.26909142054353064,0.2762286704105599,0.9557147632029687,1.7817089189071937,8
28.42422515830467,28.42422515830467,1,0.0,10.54168516647329,0.030725217822690488,0.09391136026549134,0.8211161940433873,0.6892711849445796,0.7560897850631535,0.10324916879267305,0.0,0.462205658077413,0.16983168690031328,0.4605878746744443,0.8467024119266112,0.0,0.34887005938711674,11,7.631840029107889,0.7175491702262443,0.23210579853126884,0.7548645222552322,0.8104143233992951,4
18.318186293449497,18.318186293449497,511,204.57362058199706,12.690628081323364,0.3552173544940639,0.004894509292183184,0.6273963070755222,0.27508212614916017,0.235616958740306,0.0,0.25128355606396646,0.5664864095090533,0.22635449354952178,0.18768390017636072,0.7101641115772604,0.4707511829259478,0.373244412452746,13,9.24107975959568,0.3249460124509308,0.608626389273689,0.05520546368675605,2.3851208719850607,3
28.42422515830467,28.42422515830467,1,0.0,9.550167292512132,0.3145338428404847,0.09873497247737466,0.4262714387642518,0.23723415027788058,0.7173739512199846,0.01734350168477025,0.48912703534608215,0.09531916072006517,0.7300323949207457,0.4249709635302168,0.20121012659471277,0.7026505841701126,0.23557208699304394,19,4.582358947870663,0.30487162668966494,0.7195089743785168,0.2779242056725439,2.679418021026674,9
0.36911762377434515,0.2859070843910625,4069,1501.7145220505895,5.266009324964512,0.40292215342126037,0.36968220645045136,0.3884387142422578,0.7964612971929503,0.5241264907328731,0.23543799871181212,0.17436063060489673,0.8146005853867242,0.27903202728660353,0.2265377926315367,0.37877731468306686,0.2789793576739158,0.18455209176835205,7,9.049062850949134,0.30431766788418996,0.3126265751975446,0.1297786943252453,2.4468806990903853,2
28.42422515830467,28.42422515830467,1,0.0,19.20568370652721,0.4619327032246122,0.035751975017531995,0.3806721055302391,0.013393162429509387,0.0,0.18224173419745837,0.583600488081346,0.4366479642680924,0.30499162403161395,0.21649255221849512,0.3889122373147102,0.22766258518133567,0.3430186367047129,19,3.2348956470605783,0.0,0.6139029633698715,0.5180348985497442,1.4662313452005327,10
28.42422515830467,28.42422515830467,1,0.0,9.66612041702161,0.14423974715970928,0.28719437283580435,0.9170108627301602,0.7753031100270699,0.3720716869284282,0.333067989124166,0.28949070456921533,0.16266810534875337,0.5114706830208263,0.34666874595825814,0.27662495771059076,0.24686501517323628,0.10502091285779894,11,9.44024793571447,0.6781963081246654,0.08811463327356488,0.1277020691793334,2.536513117022358,2
4.553784661032186,4.553784661032186,8245,138228.23770876415,43.3911068484968,0.326924230476176,0.18767442663169404,0.45615102540330077,0.38042939181929714,0.5569208327046656,0.14058106744092283,0.13979822874441233,0.5134929113162805,0.8442548657482942,0.11871507798948848,0.41556951647502005,0.3060675475564972,0.7451206743532699,9,5.933894364976511,0.5087304320062354,0.10421400137026639,0.388030176138632,0.7101031123441541,9
21.208656824790133,21.208656824790133,710,1626.5734329305699,27.13432203605281,0.19490179806689437,0.09761006431826995,0.12764379733421385,0.23090960762979934,0.19810167990386957,0.352246785604127,0.5191626297850443,0.28674520726591934,0.10924293527603705,0.12030030293746953,0.2726313172250854,0.7070634745048839,0.47729176463695455,11,2.6096114323353876,0.8720313641036816,0.4489315409791982,0.2567850420659799,1.662026879140177,2
25.20612648953928,25.20612648953928,3752,56233.57465652547,24.7652118345039,0.18999088531638914,0.10236151159429531,0.09014910760419181,0.23519243473764828,0.09118014281280917,0.14942488131689688,0.2669853533114446,0.15803149461015656,0.030851818411918752,0.2921671455012649,0.9052329431747833,0.02410565813838138,0.20526850465225163,17,0.8328369594263662,0.23588762949273057,0.8146218202468903,0.6930221913537999,0.4998334252424786,7
28.42422515830467,28.42422515830467,1,0.0,18.178011911864388,0.21577325062752883,0.18093596533743167,0.17878413045909233,0.21806781572545775,0.5688496961828713,0.302984626131317,0.03497930589017334,0.917331400327319,0.08875641389610743,0.7046334986015397,0.25526351055426694,0.05378213205426757,0.6046655380379512,11,5.9072033608525025,0.9343377817937536,0.09391234717212274,0.026887027440495745,2.3046911692098146,2
21.243894653430452,21.243894653430452,3267,2477.077202906258,39.29677351824295,0.28452295010726425,0.548037189730847,0.7408557623241435,0.8733744914653166,0.15739735430433482,0.0,0.4582387595137981,0.7056432222070671,0.5656981216350453,0.3158179085806745,0.910547634535693,0.7772073329555335,0.13030649238274056,7,9.361076575296142,0.2026680001885495,0.22497446986909383,0.9417034855125396,1.0577116125066306,5
20.592305614877496,20.592305614877496,477,133.45900808489404,31.90382380753629,0.19546684754550922,0.13202340199659163,0.5759261578975563,0.5663870262085802,0.12007969148326618,0.0110980786897549,0.3685695508140337,0.23275419228808034,0.17460836862682363,0.22854077685724347,0.27236921461228736,0.8651053754535358,0.38194543739339437,11,7.373232072604984,0.08335505796242554,0.46084049848833536,0.16805713477151052,1.559480855244041,6
28.42284751073446,28.42284751073446,106,0.0018026039649989061,47.766438053279614,0.43335160925451954,0.25852189268940495,0.04752111554823821,0.3813050607035557,0.20586966705635965,0.520524618154813,0.18697179345354734,0.5206568606527747,0.6305088817252599,0.07124341879015797,0.43234851560566334,0.21348797346763623,0.7731940856837409,9,2.3308061208164226,0.0,0.6160706757146731,0.564716494955586,0.6410809028091184,1
28.42229365497885,28.42229365497885,12001,0.5760995829907829,5.0,0.3281973855314793,0.0,0.4624650375682533,0.38055712752949844,0.4121127838346082,0.016504644234060135,0.7137129804280672,0.6731297308325288,0.3208770175619176,0.8950182057443137,0.006586148787727202,0.18383485414097156,0.023153370370739498,5,0.03937405465265404,0.29229826343137666,0.20353271435383014,0.8284264777805533,0.172140569106586,8
28.423917371718172,28.423917371718172,12,9.78721499997084e-06,6.245889744812815,0.20935882594094862,0.2114279987455254,0.7903388792837274,0.23033144869059496,0.3621035611261394,0.012192714576734192,0.4937994845973728,0.16701055758168112,0.5896730322408638,0.37690826959794804,0.675476452237921,0.3238456503774842,0.5658251560692926,17,5.2427249453381375,0.03434588875023415,0.8294308116378107,0.18858577721226258,1.508255111429634,6
28.37310147190635,28.37310147190635,319,0.19064429253799473,15.018734618789377,0.16634182429350824,0.24852937428994876,0.27393590354532416,0.45274782118148327,0.26567502058400405,0.6807565330067193,0.6918103457442134,0.3267549788071429,0.4325870393089198,0.7467313772036376,0.9563972147382085,0.3449115675316585,0.7116145313624506,11,1.0325604495555722,0.025623510922295454,0.2402319521116257,0.38566716405749396,0.9093034443371429,2
10.437438876880906,10.437438876880906,12001,5463.480916263721,5.0,0.41020294667047763,0.3728939111317063,0.8796958394886125,0.4338055029359329,0.6054463590265633,0.09094278077443932,0.11553940578997518,0.7208615764329571,0.31886892364155506,0.005733860939330653,0.682799183882542,0.7650193466419589,0.2174899686592441,10,6.644598996802692,0.2840051107761211,0.2781220765345808,0.2681957581990747,0.9089051083360884,6
1.341562732866411,1.341562732866411,1335,1883.9419038648978,8.724901175397843,0.27722550298630333,0.026848907034380157,0.4905685698072049,0.18030019169202902,0.6728434908562867,0.0798754958483018,0.43141197282568755,0.38671548448650006,0.032301328076486134,0.8838977399245866,0.723775675375912,0.25584730940441125,0.559177831117744,10,5.723952041818407,0.1584395766075963,0.21542650085205348,0.3873061199964241,1.9364210117230836,6
28.423973016663712,28.423973016663712,6,4.123308999995102e-06,7.335042258535384,0.26421827822283844,0.12060932282595432,0.0,0.7618640976448309,0.2910197567977504,0.08171565050935234,0.23896220881404398,0.7324543948003545,0.15959750806100317,0.3838453145764528,0.10238784628138023,0.12486764347914953,0.1367207906473762,15,5.6162586560109675,0.11610520285681056,0.20976203234147536,0.8430202077184676,2.3206261754928468,6
28.21887256926267,28.21887256926267,12001,17.184245844428467,8.752253179444601,0.3437229380767213,0.1306062764822317,0.9083320500181741,0.7446046077805093,0.15877192976938712,0.1219594029720792,0.04685822403091729,0.9194655249794041,0.3271840386776897,0.2918433080591096,0.4118419634972357,0.24737049848718795,0.6588670605388723,10,8.964807553812655,0.8243997421364476,0.20007503101653767,0.2063154739330333,0.28502595995374935,9
28.42422515830467,28.42422515830467,1,0.0,19.323460186082947,0.5253849356749608,0.1804080457408745,0.7332541126768108,0.45723246388686184,0.7848789109234816,0.1993115754269959,0.438526212155192,0.8310172087428599,0.6541293622946853,0.4982197530617399,0.6887923769296083,0.20575398568532466,0.0694930261513984,10,7.448884197467098,0.6945241105566314,0.49417710299126766,0.2896992022813691,2.7713217770373424,10
0.6455807048298005,0.2580089282292381,7673,308.2019081566928,5.0,0.8883606500895708,0.4302149954463183,0.2022363691870332,0.7006326092020521,0.7719862646576464,0.3767893599326175,0.09169988561776211,0.12016656431453804,0.3797843280243474,0.29761907387334374,0.7514454925115596,0.4417180287407093,0.8881486081646577,7,6.756436714477781,0.2999457259633578,0.5729703436851692,0.5957934758832891,2.437216521390428,2
4.544084060593181,4.544084060593181,1353,1830.0471555573604,18.99950456492789,0.5451619974533163,0.08641190851743696,0.09814722863193343,0.2950891857338166,0.5109806934410936,0.3440168946486474,0.31516308137006305,0.28457656451672625,0.3154371693966397,0.2508534785799217,0.39040179477035575,0.4030127637326679,0.5498849103472754,11,3.729919787420108,0.10016186461572811,0.4205833158818836,0.38917418976565665,1.6016448852432075,7
0.5276378759651366,0.5276378759651366,1635,2280.497105180174,9.579247388477313,0.27581086081187484,0.13855998138908596,0.5727124275169024,0.4401409802350904,0.31838889659687375,0.2248161566425929,0.3412028398980675,0.1760972892697203,0.15289477896440434,0.4582202070506315,0.9480535615451147,0.2813866214931421,0.9824228828557996,11,7.116163181964348,0.4045050881140164,0.17215759880707276,0.27580970880409383,1.5975377958822345,5
28.42422515830467,28.42422515830467,1,0.0,9.664047059698017,0.63394327671481,0.5655667047441213,0.7286766244571705,0.909977676508029,0.02341659453869642,0.04732159478510187,0.560238840305176,0.21962104739142546,0.6881345032297259,0.06747278240263847,0.5533608920696251,0.7762995169958735,0.0,11,9.737188374612867,0.09302566386839047,0.2868125072104672,0.977512393548437,1.5959003066158233,5
25.20165847446668,25.20165847446668,252,8.966055459752017,12.584119181479062,0.47398072238334804,0.05447545503048028,0.144845157153704,0.6712587435359898,0.5136745722254143,0.2751765653271998,0.5565995799502604,0.29915195681698187,0.0,0.7777392731462275,0.5705761745191955,0.06823999713094003,0.8150933753821659,11,7.836620482984662,0.15470433969947073,0.6869474478723339,0.0,1.719511155313171,4
28.42422515830467,28.42422515830467,1,0.0,45.483233944980235,0.2619834702160571,0.31623360913866394,0.28384325880796507,0.23735137097294837,0.2580990187207598,0.15361195768102653,0.025635415457543494,0.6338263631464087,0.4883589457182906,0.8673408918757589,0.958057771618454,0.6233344955004757,0.4398102001183288,11,4.682524663062354,0.10710410697222233,0.510345099576725,0.610492074189115,1.6048167679626562,5
1.2750743679770193,1.2750743679770193,10262,8320.8629359508,14.202765489874237,0.49461361780590174,0.05828755784797698,0.5652292329964769,0.2476769390507663,0.9378743480085939,0.0,0.25945255364554504,0.7311372095412311,0.7374852566428415,0.18595155407708983,0.6921989954690181,0.6882984373765065,0.2523273701218792,7,5.744150028121345,0.24831312915559683,0.32933484002049096,0.6301751318964142,1.1952034958498698,4
28.42422515830467,28.42422515830467,1,0.0,30.780748498849825,0.9870466440083702,0.4316299364692664,0.0,0.780089894821583,0.03861544892203398,0.28768857099523054,0.5768501287462008,0.768743954338401,0.6476236839474421,0.4773388626427059,0.7349454146446792,0.9617014975834698,0.7780478944595105,14,8.379419035149414,0.11935695186338055,0.2826015894551636,0.4994213074275139,2.656533378909709,9
16.775990137597574,16.775990137597574,2037,4188.254032346278,8.999529813459285,0.8129128676730254,0.09331983862096654,0.8561781217834595,0.2376928001655664,0.800591043626156,0.48976917206123494,0.15953292162388777,0.01119530551009603,0.7183161184085033,0.35146261464871337,0.35804941764589915,0.6430524723992554,0.5792290215416057,11,4.660763101430728,0.3693913661432453,0.9503804066220095,0.8701604341863269,1.583534798885921,9
21.86573504906345,21.86573504906345,405,376.9430242237421,43.14361730100066,0.23687481839927407,0.0,0.22460980145363027,0.281592885468199,0.6936267114552004,0.03690486315467974,0.2626767142936816,0.4188809196624063,0.4252379905605848,0.5461630438355123,0.1085826985294392,0.1413727801529142,0.9769258227782511,11,5.827473955161436,0.14151480966721042,0.0,0.0484223477922352,1.4909650095947617,6
0.8198361841715702,0.8198361841715702,4312,1176.9313154957397,8.382392815859722,0.8240424648722577,0.007372343427460313,0.22225237256606542,0.30139010175275316,0.4352122529889348,0.9334450591359029,0.07251298713888264,0.42321129073292624,0.592578169191324,0.015540390804360156,0.32310903740637575,0.8988856422578758,0.5237500791167811,10,5.544142430319684,0.10861963196956888,0.13984250412241858,0.8381608215889153,1.6815006615943007,5
0.592797517291528,0.592797517291528,4838,15662.408330391841,19.29957119727543,0.3103945818797021,0.3867512059310057,0.8016952001942255,0.3110269480561127,0.7774653126808166,0.630887923618627,0.1607092711459007,0.3076984195849704,0.40770068968203704,0.3754786227330455,0.43104115765204903,0.32574651844378677,0.18275629481989594,8,7.95783508269537,0.6150089655966862,0.17682831342740554,0.8888758359481344,1.061148132488944,5
1.6520173345340534,1.6520173345340534,2448,3113.5028338676757,6.57486094379809,0.31972212896280466,0.1840293539382937,0.7386751200985912,0.28955168295890277,0.6519179418368789,0.0,0.9258637206424742,0.13359973570533537,0.31571408280459357,0.03763425884107107,0.3660033835735252,0.10841455487874882,0.3721073897808791,10,6.792600786265341,0.25020677154747123,0.2845836358140524,0.35071170718471606,1.6432411442396124,6
28.42422515830467,28.42422515830467,1,0.0,8.415432131872786,0.7275458324662912,0.0,0.0,0.28828741816651277,0.3007797642496728,0.15353354700742258,0.4789154117614862,0.8559788709921591,0.0,0.33006743961588797,0.39927846646237336,0.45835502713727333,0.3875309270568304,10,5.36646932306401,0.0,0.22729128151761843,0.784149813070699,1.7020132774118903,4
17.58483279889561,17.58483279889561,2737,277.0127918597546,9.546379709894122,0.9357966549264332,0.29495559719013925,0.16719915864087379,0.23396721545091928,0.4503619602722962,0.5236062166135094,0.45786485067738303,0.45078975326948684,0.2526186744840081,0.14633509661250904,0.1714833602806952,0.4663925347743958,0.7569367963439156,11,7.035387326905839,0.10010590221033332,0.02754379361754598,0.21187784344472388,1.6062331050657832,5
1.4327165431071822,1.4327165431071822,4328,2906.2847015336592,5.0,0.43583674011393136,0.09906649009883885,0.9672234146033093,0.33629152619316505,0.960659970902367,0.6802264718505793,0.3219172350255274,0.9972813607343113,0.3787412349059578,0.07513208366891612,0.2635266848080032,0.921658901244654,0.8203168603771595,9,6.8187191122524995,0.23295316328969806,0.23380461574894362,0.273473450192173,1.826967730489363,5
3.7080350055608995,3.7080350055608995,4058,4323.863297068859,5.187096264571495,0.37045455249850334,0.0,0.28956072412702977,0.3456524456634555,0.5263578953891392,0.41570242913719685,0.07031575851241614,0.3356025492299687,0.5838257716840042,0.026740115842805612,0.5244399123703197,0.8345293807623769,0.23289044805331177,9,2.877509102522028,0.24202468635344604,0.2117266756516772,0.6064192628480023,1.8164193625646816,5
11.52873486224308,11.52873486224308,1993,4765.352923803235,8.233903639189212,0.35353429823336563,0.004926888648226028,0.9167202399431671,0.24737358818438082,0.1330100769671201,0.020555401674314557,0.8023606766137203,0.006959452044541316,0.04815138420808312,0.031819469940336485,0.37092855668968244,0.03435864919726562,0.9126342422012423,9,4.699546707628589,0.13797270564772812,0.06562483817190608,0.2665790771013144,1.7491838993856135,6
28.421852453493894,28.421852453493894,11,0.00010710771799993216,15.11432148351423,0.64823917716902,0.1150951567913442,0.3229595263572521,0.0766986683782977,0.13165105494345083,0.5174956620251809,0.15893807229352933,0.12379411991277582,0.11489538575774036,0.8745267913291439,0.7539152605509947,0.2417151841138787,0.5625004588276744,11,6.508492658503581,0.13294451869251012,0.9263631785571449,0.5023492544619383,2.7806363091058515,5
0.48985513269949704,0.4739890243971904,5802,317.7566349748515,5.313639645728919,0.9583726836799908,0.46702623866832954,0.5508112892485197,0.42140653561325303,0.6793274829055034,0.8858833265833316,0.7062366179887538,0.7863467016757285,0.3965682975082538,0.5150584322277608,0.6134062032203643,0.9693455536542626,0.2652704970705689,10,8.08067232555583,0.27614509200889825,0.3194070936717392,0.6833045231630417,1.8543918906640164,4
5.501332355033009,5.501332355033009,2348,6522.284400069851,5.1745196904808894,0.25580623474311226,0.37359430846536845,0.423319573231495,0.41814353897357254,0.747026280344797,0.4427019673035404,0.17555955014744584,0.7794459330210846,0.029441990963550047,0.4979875673186902,0.47248228059506536,0.40609226093415607,0.5507991521234897,10,9.027773833175095,0.27417174043774967,0.3210002703261905,0.3870601644057116,1.8563639146750401,4
1.1461444746994165,1.1461444746994165,6682,19988.753716801486,24.449712943232736,0.6963729663113299,0.25106586015502996,0.1579327082032141,0.27935113812288737,0.9651054814573066,0.5378279249518516,0.9677886772573743,0.6064918502906774,0.3506176174551528,0.6909840707604643,0.435868309010082,0.7673896054265495,0.4162792372123327,9,9.794084821928898,0.6375999705424394,0.038668048733637585,0.8164871935458158,0.8899398188465841,10
1.7855317385370117,1.7855317385370117,7583,16096.275479979977,24.790708503073397,0.6913278445561039,0.29763639177207557,0.4869936111357265,0.2710611345471814,0.6930457443319927,0.0189831100198361,0.7229934391437407,0.36026957251085917,0.5405307737082886,0.3029852598354833,0.058241042515426084,0.9608525181793907,0.1441563948769328,8,7.655436680725237,0.6386688213385843,0.03133334456266429,0.6660436982231216,0.8780380431959842,10
2.382199966617621,2.382199966617621,6691,3125.973915270194,5.0,0.39896797415868923,0.11238884674957443,0.3373114564763654,0.5811986457915439,0.4487720617059403,0.4148050931935246,0.9720055852413196,0.6017292610784704,0.9773565395404215,0.1745705564729293,0.3609850854924059,0.7689896429348277,0.2320898895832723,7,3.062430703083834,0.3134648707557375,0.3797060738750431,0.1711377468094488,2.1456866094656943,2
17.622986773687654,17.622986773687654,2397,75.0143988121989,5.0,0.3116530537506963,0.001033749601946871,0.941028212440603,0.2480568438601636,0.23833554540327206,0.27124455819614973,0.9558140352862632,0.4548677837327795,0.6397151702849592,0.0,0.6562885569002116,0.6937191376452218,0.9133786189815791,9,1.9003644604527306,0.20246752170085566,0.30950500361234795,0.3407649290228441,1.8065085711040834,6
17.27292613613009,17.27292613613009,2754,375.35892524092304,6.2754309241265425,0.39981616126120356,0.35949338015620425,0.36339831626628794,0.3728189703819432,0.9679255535686005,0.24377962726022087,0.9255305515596601,0.6985932132588997,0.6470078862031737,0.038127780294112616,0.636670123373556,0.2786093629971954,0.7099856271090158,9,6.005544251514529,0.2747791805581944,0.17488103588012807,0.5398571723152401,1.7445186154858925,3
28.42422515830467,28.42422515830467,1,0.0,24.49730381037837,0.6742811681869965,0.7960104670956661,0.6496430463283347,0.2699448541178426,0.6301711444586059,0.9445483405905344,0.1465172790631465,0.7473281231634862,0.21646829650886987,0.32218746301666495,0.4204406622216688,0.020965167825324964,0.7278027709249167,9,6.641995623282694,0.6315879899943316,0.02481641080219865,0.6480310253476413,0.8514519187785569,10
18.803556492891232,18.803556492891232,12001,3813.6576195188313,12.632919101460658,0.6072144764408403,0.17272542890967957,0.8293615961846156,0.32916854288143,0.7540818055074137,0.6463398149275565,0.34688359706267696,0.2651824243897059,0.04017075625095019,0.6337445579752556,0.27894861844101454,0.8350835949119869,0.30372122394255335,8,7.5938126324170865,0.6522469333816321,0.11149394479867764,0.33738243108433674,0.7485844114603252,9
20.607667257047993,20.607667257047993,12001,20.83968654976098,5.8552859747785755,0.6259195828038701,0.0,0.36525262265289893,0.4331859285000113,0.9511102311758729,0.33624909960327115,0.5205423822955388,0.1686597370112319,0.3746355885118187,0.3038606932104513,0.24030439675804216,0.6976354683079568,0.25129978498877936,13,7.004778651545561,0.29293820959207595,0.3255260537056651,0.4217207537089444,0.5039208891394675,2
28.42422515830467,28.42422515830467,1,0.0,8.829397637899442,0.6246615465980513,0.1578209814497509,0.6970444678954775,0.40365888438313546,0.6469939189997441,0.32685789512501395,0.0,0.7125658718759247,0.846743436608668,0.010452561162005705,0.6079652445034346,0.06599112195723299,0.15618096971378892,8,8.409050009004345,0.3022253393867093,0.31564020809122484,0.43346039634148126,1.813604854640092,4
6.9436086819118055,6.9436086819118055,1947,3318.0565713866185,18.640025549754267,0.925612090159221,0.17262322597273716,0.708012060466028,0.33210095565548176,0.7801070795021137,0.04112319167981829,0.5997929552443149,0.06796176222615895,0.422583897234163,0.3782332254179199,0.1936892226250486,0.6719909501638046,0.619509917202971,13,5.062854273789189,0.360059177578589,0.08187088810285863,0.9214017579870991,1.4087313239709034,6
20.01944263965713,20.01944263965713,1732,735.1355983750844,6.425992561525602,0.15347295840670624,0.49796625356611085,0.17200958637954664,0.11235157837128285,0.4178500625692369,0.0,0.3333756099159773,0.32700738910546473,0.08743789294371103,0.7255766106931987,0.5425873347178882,0.4527982489952364,0.8773577599727449,9,7.128777424038678,0.17219974968416973,0.24813736182605145,0.19619841654008296,1.7408030327867705,3
1.0845730084623164,1.0845730084623164,9115,1439.4799686942795,5.0,0.5193324437282694,0.0,0.4923583786964924,0.5816463735692833,1.0,0.11059535463508513,0.03443245104306367,0.583856372680352,0.3172188420644922,0.5948846923944866,0.11670233966841889,1.0,0.7175608833356854,6,7.792099826442711,0.4208096672517371,0.3419270839128317,0.6310855433459621,1.8071903332169768,8
1.0054802549806716,1.0054802549806716,6221,17811.28213826835,21.82513811597582,0.217277723016006,0.0,0.4412961157593507,0.17030342510593582,1.0,0.16762130236869915,0.4390410005131782,0.4918678106753101,0.5468983612877255,0.1856130519399956,0.6911041774245797,1.0,0.2899764086693175,7,4.759030002188273,0.8014147591424212,0.7010885173005751,0.3413639743297597,1.1818400780841323,3
28.42422515830467,28.42422515830467,1,0.0,9.314445122263487,0.709554472122625,0.017802877742715512,0.5247477514377792,0.5042836365142885,1.0,0.868452580073967,0.8271236944096878,0.47676303277460946,0.30204026210993135,0.13740113121882416,0.2174217324993265,1.0,0.0,8,6.0711548071543,0.5157637379613836,0.3757556281108826,0.9043186792759363,1.7185862136381571,4
28.42422515830467,28.42422515830467,1,0.0,10.479890157581679,0.9518176755071521,0.978715771005789,0.6927223191921488,0.10608669243646685,0.6550660508758959,0.4338748851366511,0.5156796834035042,0.42047059121030095,0.5339674098386242,0.07432721266863325,0.951481099748307,0.9184006897270264,0.8240661594886604,9,9.146485150003299,0.24531406534096273,0.2829643058699302,0.7059014472092507,1.5617432642291345,5
1.5353597572611433,1.5353597572611433,4701,11318.105079627954,5.942194083357591,0.25727198182026517,0.09562795843722845,0.14942326788516241,0.9641155519355123,0.7612684225094996,0.16105037992264917,0.20977089262688514,0.5101162099179188,0.2636957013854434,0.2274953786020212,0.42429990536466644,0.7093692479170024,0.943131607759594,7,2.2024326944835733,0.04415713610139884,0.4653575170942889,0.3980723652027974,1.920828232393797,4
4.854165075370841,4.854165075370841,3043,6684.66183013836,12.591729065361005,0.5909259995808096,0.11771022723843827,0.7296244924419893,0.40079494997793297,0.5209664348239252,0.47167596420225655,0.2936049001381464,0.7356665710115493,0.47552854990170407,0.5481333080165884,0.6747272136429706,0.8342717934596932,0.3206759717659268,8,4.5836276976386205,0.5737739921568358,0.46263795900919247,0.7338611326229456,1.717087256083927,8
0.9313226256512827,0.9313226256512827,8702,891.8077373988436,5.0,0.7046906337933487,0.048792051861853696,0.008337055905120721,0.997199277667733,0.828162142417358,0.6003918392681917,0.30439924594941736,0.21890448406549512,0.21663033029490728,0.2302753672047774,0.609989564440062,0.5336388043862397,0.5736391323081071,8,1.1316553559901736,0.9815530106150917,0.16847465011036292,0.34929491737765556,1.8704210064237536,5
0.8837160162563565,0.8837160162563565,2756,12451.87085488608,7.121261792520206,0.1711511630037313,0.13281699374908723,0.6140495672403644,0.047351206574141214,0.8737845087809646,0.3748212133451441,0.2312781771060565,0.5693161466355698,0.3276456215253796,0.7535853577326748,0.3731951207970976,0.8127541836892272,0.6810054188099934,7,10.0,0.25597195701417363,0.3305487383689109,0.45270264361369134,1.8476773109775348,8
1.0784738673797345,1.0784738673797345,6396,46251.530586015484,19.42981027483611,0.0614831743941338,0.006911970451957937,0.17246201465246394,0.30112804428969164,1.0,0.5174186154219984,0.4894985030161839,0.6457078774190781,0.5377576815370221,0.2037357116909309,0.6280026391157527,1.0,0.6494241835936029,6,8.9115507109684,0.03188885443272189,0.7940033023969174,0.5871987000288035,1.2601662798182682,10
1.60907073366897,1.60907073366897,2065,17260.26552565169,6.292655831109592,0.10566713489316591,0.0796126028380979,0.8160787311451508,0.44716643339883094,0.730085680685364,0.5002102496569767,0.6127222970447538,0.3035705409095276,0.23602233876968365,0.21848384364036794,0.3867624480079092,0.5517309405379672,0.6608538244762517,8,2.86417547422284,0.35959705928634206,0.36738757893560003,0.36752519695383123,1.8456061189123325,7
0.2001997316723713,0.4460149586347973,2366,151.65325028523117,5.0,0.8822856094878444,0.1941339272078991,0.17952271251196886,0.19391115507261392,0.8054853777883004,0.6174353274828521,0.862162769644475,0.6204406769433055,0.3362805966625792,0.7433548514127145,0.1939522218456479,0.2109773461650381,0.27803713407188585,15,8.213786479724138,0.45216576812203113,0.4518550968528049,0.517195059209627,2.0583468941558154,4
27.01454795775186,27.01454795775186,2165,32610.79421199978,24.109858173540196,0.09407243944434471,0.1693107712667017,0.1626311585387715,0.4628510297471832,0.6457832388498653,0.1644542851231371,0.19371819224742326,0.32678916005431935,0.3838364295898488,0.2141738078208939,0.4064089867156933,0.09322119296067531,0.5178988938673426,13,8.824965500371695,0.4266741717466437,0.28820076499967456,0.9415000096312058,0.8035508880095668,10
1.07685247688112,1.07685247688112,5293,471.96465017182703,5.574134229165373,0.9027753029382468,0.11241733382117641,0.7750197165500496,0.34385568352691465,0.8737092114816816,0.6369623366657624,0.007735405044170354,0.10026997499980819,0.30473719117182124,0.3091979589080239,0.5422582544687009,0.6393167113541531,0.3159077815084882,9,4.434960831801619,0.21560417417137748,0.5182662670698588,0.4414700571728865,1.8661927863652377,9
2.7152041080121387,2.7152041080121387,3454,2164.3912466543934,5.497508226563512,0.40354431373992256,0.11521428449950702,0.7937863577860826,0.4481299628903294,0.8768182260022049,0.22668074476979716,0.6493976214005702,0.18421328474891593,0.30561173520819884,0.20208880438557844,0.12076613960052658,0.6400642542460205,0.6512736324881786,10,5.726518325305871,0.7603736771726199,0.5095545283642466,0.44271036475608944,1.8699691597634027,3
3.1173375316973613,3.1173375316973613,4557,3520.577999605137,5.0,0.4921075067769011,0.18250464284194212,0.9608763554046563,0.7117854937345898,0.8283317198199142,0.24179993970032768,0.6512926287258217,0.07778005112768238,0.3823294365073298,0.49256339593601894,0.4695611920434942,0.7969691777922442,0.4906933459728475,10,4.732085005901256,0.6080624445362062,0.32809206829620596,0.5412440204416091,1.913596327664806,2
1.9483172424605273,1.9483172424605273,4116,1252.1480301112758,6.270584220319728,0.6255781795224369,0.05529835358680886,0.1814437357136643,0.1518883380831978,0.8095465503950817,0.8228320812076948,0.9512924152197869,0.7149570431396209,0.22924418264206875,0.4517753984251251,0.39723896705889417,0.501555744999991,0.8647162163734075,9,7.815274371419916,0.9345010026431019,0.016287299564636773,0.37036075596690826,1.8406950077915534,7
5.053944913927535,5.053944913927535,9284,18782.60759927293,19.959735660633967,0.5279622351347046,0.04377835337413801,0.016193754988147267,0.1903592124436461,0.9832069412805892,0.6936135474001761,0.007884501817954942,0.597884189265915,0.5443836867578643,0.7185879771795366,0.44961866611740864,1.0,0.8485492560113428,7,8.948187951496362,0.8388144106283435,0.2650245730021557,0.6314630885603217,1.1612850165189643,4
0.6526031995301596,0.6526031995301596,4507,294.5690137241454,6.536056328972771,0.9426420253707667,0.0487101795782719,0.5489453735347473,0.03757919533107491,0.8300541090942357,0.1632163737733027,0.20802867990146093,0.972537544607151,0.22153375079183804,0.10171389721730226,0.5110258891799102,0.4673559527757957,0.08958574728467444,10,8.0550712514065,0.8766988450537655,0.2829860479463597,0.3716269819015119,1.8242821379740444,6
0.8007112524418531,0.8007112524418531,6506,541.9881890953328,5.0,0.5862047971568446,0.17438181636807473,0.18868906064345223,0.6711170555875824,1.0,0.8568317855505846,0.1009987785561454,0.16092123086158452,0.35985422092431535,0.6831044836469803,0.7067085159950542,0.8198181082738798,0.5492546163822668,7,5.881298488628887,0.556290484896059,0.9278141270882587,0.4796268220228435,1.975744843402375,7
0.7938823485114146,0.7938823485114146,3622,434.8322860764838,6.647390930106599,0.8241050242301331,0.12541818029559748,0.6937909889464994,0.28214299084124816,0.5638302325446789,0.02212813762597342,0.31244514853155675,0.559365732765443,0.4809498099495732,0.8073789711840936,0.13547343618049038,0.8487715996941362,0.863022912276456,12,2.2415292502703434,0.9432019056067574,0.35134734528743794,0.6809028326187836,1.8199508007495742,6
1.5255250614142684,1.5255250614142684,4298,1203.3895540924234,6.887331752227404,0.872168776454324,0.05900949753561692,0.30785613909442955,0.08734367436949389,0.8071359336104981,0.8963969201130865,0.6703353506665691,0.6130500688992858,0.2573759241793201,0.7681643497853509,0.7004415103159763,0.3764190035139075,0.3651886066104812,10,6.299089139067756,0.021287954945940015,0.4606613132409424,0.41390957748422835,1.8130544525184804,7
3.5178287550483462,3.5178287550483462,12001,411.9882323013303,5.0,0.7262498439840155,0.1457333954997812,0.32265822210121925,0.8093590765781197,0.2795019650083045,0.8192522514369159,0.360099326159861,0.26527653821614217,0.37388916785240184,0.6054584084816249,0.09515750970603717,0.9432021427752401,0.28635101282229736,6,6.836099861998315,0.8957690996636647,0.17557497077921885,0.486851569567062,1.92664125958205,4
28.42422515830467,28.42422515830467,1,0.0,6.77558565595819,0.4021559261829543,0.14930990431461555,0.1036453379680494,0.9413101070496142,0.35701171036331614,0.377890056726792,0.022918705632688635,0.031302796603264765,0.44279201819164493,0.8663583987067116,0.5421194124632005,0.61024704079236,0.9925013298791415,13,5.85943144695392,0.5192690228246517,0.8661831888755692,0.6953578476418131,1.829830303936777,4
5.5383949336232785,5.5383949336232785,2697,6872.685160049229,5.6560568641840865,0.26360298181367275,0.10119705178541773,0.46619626620976334,0.3231458806302357,0.6477251281163235,0.5926538964267655,0.5388781708457387,0.40617810535842236,0.25947695281579264,0.20447521531612667,0.357397721303981,0.587435390081589,0.43908483385703334,9,9.495131696818085,0.6711428655646774,0.7980063950787288,0.34764108176959774,1.8757257227116182,4
0.25346969410545933,0.39418984709147487,2054,4115.1513719396335,5.557825987104506,0.15318318676713988,0.10484873670576342,0.45915365774052586,0.03865263230599958,0.7310808502543638,0.25102277270590073,0.7348704471211852,0.5658051881819531,0.26672319118289173,0.5284703119263502,0.29452898363229635,0.5950378192026703,0.482931606926075,9,5.288261884448287,0.2908819486243403,0.034202513584043255,0.35367108182969126,1.8986317983286711,4
15.372434502461376,15.372434502461376,2508,1810.7514797732397,5.521193557113565,0.5421428416183934,0.10021867206723274,0.4628474666084365,0.6724980848007942,0.7260197603708777,0.012101436726474098,0.011210537916709281,0.9492184120404532,0.25782069280501313,0.3587028982521027,0.7730792767008307,0.5711466438783576,0.4667162167546115,9,1.8672504955060583,0.48508802037428644,0.0,0.34675636893868206,1.8983259159566983,7
7.2159836254690894,7.2159836254690894,7567,2351.452150291266,22.23483472187025,0.8998280194496362,0.22737764547272862,0.9431463141443653,0.08848272416007866,0.8749763883234276,0.3374054155436224,0.1613003046529448,0.22491521725379818,0.3656561731334849,0.7089925763433443,0.17828464683458123,0.29395880741951436,0.24898530576542433,8,2.8143471037896113,0.04312286572582557,0.038995859574343684,0.9795741331246578,0.9959550141428437,7
0.5597285875931307,0.5597285875931307,11927,1398.9572192428757,5.0,0.5594974470521452,0.25228974077457644,0.32481077803283054,0.903790646189107,0.9215018706953532,0.7934729387783575,0.21062424268387356,0.8689214913123865,0.4105803210810519,0.2932704885360065,0.153154487549718,0.9494683082932657,0.957405092053476,6,7.3193138381447085,0.6302291552956836,0.6845904114732064,0.35289426537931246,1.8573233461416458,5
1.7008411862704855,1.7008411862704855,4271,1374.52194967588,5.0,0.6775300158116683,0.10078550920300267,0.8350063809618986,0.006218218029098509,0.6876182589397186,0.34132036326471415,0.2593326194975882,0.4319475232761484,0.23435674585848773,0.1290507010305784,0.33256610809003945,0.47351360273362736,0.8954663643924795,9,7.7558436944863285,0.3703214747527026,0.29329510046912977,0.35126114823230686,1.8479552324024535,10
2.334792402322313,2.334792402322313,3543,1318.0063198057048,5.0,0.5459097310840751,0.11579565485251345,0.24739231577706602,0.2127736293957529,0.7362780680817885,0.4436440277895395,0.3251287977770078,0.4978955384408497,0.25286240398267595,0.09972247697639897,0.7910963123485042,0.5161802662336986,0.4859701284805636,9,8.395001885323465,0.6042160960688715,0.32500655528326405,0.36220005035835495,1.8700690540071991,10
5.445987143373917,5.445987143373917,12001,575.6254842114511,5.0,0.7193499433256979,0.22659546030166547,0.9210525958568453,0.5439473838292861,1.0,0.028518735090797682,0.40367383508876914,0.19285183760458677,0.39235436049471956,0.28785651286224007,0.896285417840079,0.7896556053281752,0.7872900914189018,5,5.011578349864236,0.3372841937048382,0.6827326964215674,0.452206941466105,1.9994721235427662,9
1.4857377418299653,1.4857377418299653,4098,915.5151064042287,5.0,0.5562416383330019,0.10789488018025915,0.8347099145971238,0.46247664970645186,0.7232350875010688,0.5599854317269438,0.640873802687343,0.4815835339971108,0.2505995318889319,0.4427255892551015,0.3575734896017845,0.5195598291889361,0.6465502069266186,9,8.280210335961208,0.42828093758223224,0.3178190925615281,0.36804694995141773,1.8618323152656555,8
0.7955378753233566,0.7955378753233566,2191,10032.15328367178,5.0,0.14923342350975596,0.04241520460759905,0.39290369362518707,0.706644265719212,1.0,0.22374969478121728,0.390590522140162,0.44854665348656264,0.25710287232833073,0.5715862481419687,0.651879855739525,0.8997602548331854,0.6079179068710366,9,10.0,0.5816928402381182,0.105585964900923,0.4236401377727377,1.7892430518494127,7
3.2127580666338695,3.2127580666338695,1493,2236.2122316928326,5.0,0.21072736271624568,0.31293930064028735,0.34141445834440476,0.8004865153696777,0.17043714410353064,0.1724437296478839,0.08435951229633008,0.8032833023005707,0.3816589178319084,1.0,0.7789791139823885,0.2714976469312221,0.21350718422773002,11,7.273145715406876,0.6022242108973972,0.33472213486918456,0.5999523063083411,1.8289434772224173,8
28.42422515830467,28.42422515830467,1,0.0,5.0,0.7001323337216879,0.34993954267484095,0.3243067216748011,0.1593585885309883,0.9891380818233652,0.7619597316448071,0.1633841174097857,1.0,0.34966920930984824,0.00959456726272149,0.37402026703334534,0.10335634861507893,0.25225065192950324,10,8.328295116742526,0.9140899167287863,0.4978717746519007,0.5093527283664989,1.9515054797255593,1
17.140882461108298,17.140882461108298,7314,393.9569394948905,19.921654918247782,0.8126708431584205,0.3141507781214764,0.09880343274977998,0.2329022261514578,0.6053292045656342,0.06740982013263289,0.0011126630506681026,0.7919285105941223,0.4469312026296779,0.4050918836098323,0.25198302281769575,0.6133608030124794,0.2095389935857689,8,8.9996263215273,0.4383588956390131,0.13403547368322774,0.8617839268746529,1.0310798422021172,1
0.9211847607798326,0.9211847607798326,2005,4755.066868655289,5.734501694678649,0.23128845365738984,0.05458330986959239,0.6293906573362626,0.2625635141211976,0.8766821476008742,0.9578945530234304,0.7286888208260026,0.4381811289406928,0.2596061075807669,0.4578599213853707,0.7071988640375396,0.6803068548506854,0.7561549537814471,10,8.449637862319854,0.4347317568240065,0.3269487803003139,0.40881007001723785,1.7768858835673293,7
1.141634318924406,1.141634318924406,3000,407.2553850402005,6.28665679222166,0.730212600638278,0.9392310062431476,0.8155310802604648,0.05657422327483455,0.5208388418915988,0.42948859212086327,0.6373950091112774,0.620756015403972,0.30711489642773643,0.845979820430876,0.5404600692258904,0.7505383582833335,0.46387521293976836,11,7.852249687787248,0.3024023845514553,0.19180015883456955,0.9974550779442086,1.8394323129799997,9
2.523069698966123,2.523069698966123,5394,2767.425126548123,5.0,0.40576060551704984,0.0,0.1946816257897333,0.06048286483781553,0.6134580919102038,0.4421149370440483,0.9749283137045136,0.2435373877800643,0.37863138611499325,0.24931724976975866,0.8044786549985726,0.7034732395461828,0.5665145667531599,7,9.332002765754158,0.1383800145512891,0.9817924346064671,0.2863068417484415,1.934573944290638,6
1.5703562312867094,1.5703562312867094,3015,1409.6747880433302,6.545600056935041,0.7486728492228415,0.14557234608775843,0.7458452948790829,0.5269503465507711,0.39857675311300245,0.20542675530337293,0.5469386113216138,0.705862156699317,0.4964035543090926,0.06791922232825336,0.8517708943792571,0.9124823218265236,0.910680401782054,12,4.5549591875596,0.31800560983594856,0.18271772230484673,0.6897863885838356,1.8157384310421762,7
2.7598661797344453,2.7598661797344453,3090,2186.2994125705236,7.010647029504503,0.7764889986702428,0.12363853499889299,0.6731735276506495,0.09049211655577095,0.6940990237219168,0.1684066638417429,0.11633321647218267,0.6780229770277607,0.5051010815198176,0.5179973091235509,0.43477878044904766,0.9157364826988309,0.6534179734085899,12,7.011764494733164,0.7754098815784237,0.19757160258418516,0.6737365094131177,1.677898240723354,8
4.922481194623501,4.922481194623501,5097,10393.468510980969,5.238330074837624,0.2121176093609952,0.18492133367458913,0.8401164771363375,0.5011024451555143,0.3597869559304421,0.23450843785258096,0.1082316485377886,0.8101087795515386,0.40387350700211605,0.633732968507273,0.5799443910131036,0.17130651534548053,0.8180983036528003,6,7.831860928048134,0.0633655354618788,0.534763909156701,0.33304749118312427,1.8345718666076154,8
4.129629113523997,4.129629113523997,2790,3280.498858531731,5.0,0.2987392553710189,0.05800963552856105,0.5581007520510741,0.022734112134823396,0.7047671247122657,0.23734925795445316,0.10997722776486181,0.39005592740257444,0.25208952551447206,0.4636009470503992,0.31701180214859764,0.6405930360316832,0.48145383629375704,9,1.140790030074713,0.9817848071518798,0.13318577164944903,0.40212333542168477,1.845255498332918,8
0.5856813869545454,0.5856813869545454,6361,724.5612738210375,5.824041690153409,0.9711313157317911,0.03946853204024345,0.9226569536945742,0.09502792264617205,0.8960758427127132,0.5269593260688077,0.9663231333368344,0.44364556140648775,0.2375707239623376,0.3959330548398034,0.2782369237550695,0.7124470965922047,0.8509582916507648,9,9.92331638366458,0.10472986081816495,0.376983875952573,0.3729170644474679,1.7881300812263488,5
1.6408872731159805,1.6408872731159805,5426,1590.3404857980008,6.3276295241446086,0.8285874935689435,0.0361252713722628,0.6976957717668865,0.8594446106221075,0.9036828066775934,0.15398304102538196,0.19830614405905195,0.40072929683214215,0.22323837967194435,0.38630607091316954,0.26306524962365413,0.6330271148018264,0.5353449727226705,9,8.475115974415115,0.10004141789601739,0.3816638384551944,0.3715433835643193,1.7670493584770743,6
1.0987545426436243,1.0987545426436243,5794,898.3163289871374,6.101262169153044,0.8522083287762597,0.019438451403509225,0.9752455334622993,0.4517405615279908,0.6855466530207381,0.35707451433886,0.8553983439732956,0.3725648862846543,0.2065471401472429,0.38398812689244416,0.5863934140406349,0.49287846876953173,0.7842679097736717,9,7.816383751475906,0.11824720171937182,0.32071625251712105,0.3745712172025864,1.7781307776476671,6
2.3348671175553015,2.3348671175553015,4712,2287.7263321313226,5.2247368873352436,0.42086170651395066,0.009206546592814982,0.3309844299896884,0.11171363400197461,0.5963414243949935,0.5124999748942505,0.6140849925950683,0.2918533629846375,0.22704161006857176,0.2754748237962534,0.8406965382820579,0.9471997297623769,0.4527551436569096,8,6.354710377277609,0.19981546592512847,0.36883966554490544,0.31991089933054057,1.8580699093715474,6
2.5217400590403867,2.5217400590403867,3979,1840.1680733507794,9.083557565988272,0.9534652568317258,0.09371124348960845,0.6466712025099083,0.12721512559877285,0.36727268154822607,0.003894148145220002,0.41313211759620894,0.7232085070862178,0.05861100523970013,0.28570259719096835,0.005638308892031175,0.6540881518084917,0.15012769961516356,11,9.088049390491332,0.6746011560136932,0.1609077073889252,0.15892005453233204,1.6229336611715826,5
0.8774868832421339,0.8774868832421339,3683,504.56158136242436,5.035299839687069,0.665682323300744,0.33147049195248635,0.04866915641239868,0.9863381127553692,0.044644628208548774,0.8157960737654862,0.7399087180875851,0.7339380083040653,0.46150642901741123,0.5993451605832785,0.08029301896355225,0.19261148855882337,0.7538074739859187,10,9.451818575871284,0.510699568784664,0.3368984503365728,0.6415633473152316,1.858739726934709,8
28.417903942961047,28.417903942961047,111,0.009597475054996715,20.17270375064708,0.8965395514514924,0.35643499734120065,0.9034443349229648,0.6800900451959948,0.836220571752038,0.8905516960565824,0.6835101237258772,0.24256426400057815,0.41062215022908116,0.390352123213449,0.5309412212612645,0.37290755951719357,0.34760701868040833,8,8.349546843460624,0.00564339667427344,0.16030976009197476,0.8786837205834066,1.052561021509796,10
8.552547735799491,8.552547735799491,2399,9655.00561790955,5.0,0.18199560719331406,0.09800769821446216,0.8600009978876355,0.998819786382577,0.7722568656351143,0.3520499930181223,0.2993893189378569,0.6359138116030005,0.2725901485965995,0.003917122592290327,0.1043899340079306,0.8603316624402656,0.5408325253276086,9,9.69808943278233,0.6368949208592757,0.14958322011838424,0.4636170801145214,1.88110150516696,4
0.761786384071677,0.761786384071677,5866,1702.2305645610822,5.4343581270174415,0.6403955695296538,0.09776579009359171,0.5320047466348413,0.6679257419108598,0.9273969898300681,0.4111345862594867,0.9902307863358305,0.5041543627986006,0.2697455737075735,0.623096919310642,0.35446093683004515,0.7032020853564749,0.47323336391551774,9,4.552505150834873,0.2510895795116564,0.1680038897737781,0.39313945904540243,1.8823561126419808,4
1.1835978404348309,1.1835978404348309,4633,26127.56884954026,19.708726936933108,0.07693325547373521,0.38023949215488867,0.23703622486033352,0.3470970265865622,0.4812031489031554,0.25528775476942434,0.22092276031885144,0.25724956801203974,0.4142367045043166,0.38227700524815295,0.9005335864543578,0.060716229571252917,0.6771659866669066,8,7.049650761119041,0.700463699199077,0.17086197800423072,0.889387129601237,1.061936389760262,2
4.9980617720536396,4.9980617720536396,5632,3539.21937542008,23.6943165921178,0.8185736681708775,0.20554444567332594,0.3041445857026815,0.10380392868939527,1.0,0.03714286136951405,0.8653499574103358,0.05076125222422046,0.4478680038692765,0.5003149607185735,0.12459707669232113,0.15491613392062697,0.28683726082398703,8,8.096618622343419,0.9780478971548093,0.05822784827558948,0.954498999946859,0.9968742990270298,8
