score,targets_reached,n_steps,payload_accel_w,payload_quat_w_0,payload_quat_w_1,payload_quat_w_2,payload_quat_w_3,drone_quat_w_0,drone_quat_w_1,drone_quat_w_2,drone_quat_w_3,payload_angvel_w,drone_angvel_w,cable_angles_w,N,velocity_ref,r_T,r_tau,W_Tf,T_f_initial
9675,306,397,2,0,0,0,0,0,0,0,0,0.1,0.1,0.1,18,10,0.01,0.01,0.1,2
9963,18,36,6,0.05608536969324525,0.3525151509318694,0.07252308149021337,0.2931067731377196,0.06703990893959823,0.08572183036734239,0.4560174896447937,0.05100191640198844,0.2500338255649018,0.26198502481287755,0.4215291768832823,16,2.815588118697307,0.11704832279781704,0.20086248759144865,0.4757200483937736,1.726804596711698
9981,0,1,8,0.21198680689261362,0.3269081691248234,0.2868349428094729,0.34010865895971326,0.10537293118735122,0.28952377478893837,0.30818439137199355,0.08433573631582665,0.17870563062776493,0.04771529794592584,0.26674964888737446,15,7.609369457853926,0.45965429597342355,0.33736165731458173,0.4130540011264025,1.9572380713953372
9561,420,4914,0,0.2617433197758402,0.12589271456017423,0.35508688180392556,0.02972243192994873,0.28609395743446353,0.4037451676244107,0.24464242049708096,0.12124594941740033,0.24174102407345188,0.00019781508604177494,0.25240080691008865,18,2.630788234375268,0.1556091600497422,0.4943805744913272,0.14082392493756687,0.3305576174631473
9911,70,200,8,0.3123409410036939,0.2365157842312995,0.08581937629048049,0.39817211095580857,0.3047948335571034,0.08366132717572368,0.025546056556493564,0.2289399856959265,0.16438060644492872,0.2002995359025892,0.01859419018437575,20,2.4067397127313077,0.08114237990725422,0.15379548992306932,0.04458008942545489,0.7207751337991187
9981,0,12001,0,0.4198703426117334,0.12452859848067624,0.45993950619343454,0.3282784703937941,0.09898189087242684,0.09370602572613503,0.033324163905241184,0.4993226049384213,0.06916265359412795,0.28547698566253055,0.4332474857631938,14,0.6314584898625487,0.012107942001000797,0.40888115443813244,0.055461659530286714,1.1596403493459397
9501,480,3409,2,0.47917735158022584,0.3227308024194679,0.34969543115888796,0.012980920388891152,0.4674396782414867,0.2720001960795328,0.24550457492338307,0.39653407145143216,0.16201593619126362,0.27479384081733954,0.3048195392050757,14,1.3960768626082412,0.16622839840541007,0.20255409704198263,0.2335248176175121,0.7957477407230642
9896,85,231,5,0.1495551755572049,0.005658772764144227,0.1763744978691452,0.36160490590182703,0.422689471283471,0.41451087888230975,0.4048576750635397,0.13299251366149376,0.16726928799969124,0.3524080002997628,0.036059157482951805,13,5.917668808592021,0.4782369434849422,0.3111239157826001,0.13724083593601835,1.2244014218398545
9808,173,222,6,0.22980771371615172,0.4454035918846812,0.054526376261553225,0.041009744962259904,0.18384816815173874,0.4116464182952558,0.19949039847706113,0.3665068690361864,0.17425568503368757,0.4576999751296048,0.4272242155547368,20,3.6178448736204754,0.14272696521980657,0.29659248233497026,0.49127431114686954,1.593016550700459
9508,473,637,4,0.4256774180304865,0.22635054013941508,0.17252386888102886,0.39676386217315984,0.03953951650081584,0.10370185489715941,0.2785348386110617,0.4284231531156571,0.05618360412018504,0.4038685609203251,0.3597701837708609,18,9.392991936989132,0.02496691466530549,0.03726088108847737,0.036400671524138346,1.905769810273827
9981,0,12001,1,0.3055722721385329,0.14642154289494227,0.32911140568247677,0.49724640346459326,0.47376858179059633,0.2473420797961392,0.22559424238803194,0.09529228180679314,0.2961910572000326,0.39172253953333536,0.20191948448479285,18,1.1920922324445828,0.09967294048368067,0.018766505744427345,0.28297687230270074,0.16389481430138544
9957,24,12001,1,0.5,0.36518258534042947,0.46256773653063504,0.0,0.3801930687394726,0.0,0.4883307833907992,0.32889273949948256,0.41211304242358504,0.5,0.0,13,0.0,0.34147610304425713,0.0,0.20292457823216828,0.1927046031426266
9964,17,37,8,0.4434280751856142,0.4261045533693949,0.3702744452604334,0.006823417373107574,0.08372937081603317,0.2577000967185802,0.040129080764939276,0.3532539059094429,0.422532243047027,0.07323328827736648,0.44594656044121866,16,1.3853165314998273,0.1673625138910822,0.2697949664109315,0.063243901281097,1.5589289263409667
9981,0,12001,0,0.46106678261393286,0.4898783423025859,0.01367773049643172,0.41827275507377043,0.3564035246164378,0.23531025684749396,0.4828359761742988,0.2492855352724127,0.0,0.2050639530497965,0.16455797954676385,19,10.0,0.36941643074206054,0.004966916998779294,0.21319828723551312,1.5227743232547886
9401,580,1688,2,0.5,0.31942849381770566,0.3233605574142559,0.007899185984601768,0.41123764298296017,0.22663480693405008,0.24556731822524552,0.3846547766595715,0.1895053319359738,0.3296905677856852,0.28137706550888425,13,1.4654447096745293,0.18445831424922,0.14465970710701814,0.23052843478489282,1.045083422782975
9561,420,1261,2,0.4953302540794499,0.3182268102380678,0.31583394505569895,0.02031691996563113,0.3946563360360727,0.21946598909591328,0.24986625737345924,0.37136344276365774,0.20290833655914473,0.336984397166992,0.2797736637946802,13,1.512556875781045,0.19514290613606572,0.12908453120789598,0.22784731414372422,1.1263092779539359
9581,400,818,3,0.5,0.5,0.325622302999761,0.0,0.21249135190969326,0.2022986171520985,0.23271928160602517,0.5,0.16156838922354855,0.3468025350647171,0.4826285105771383,15,2.947789926266418,0.0,0.35901732065603403,0.2073986261301327,1.1380396890148405
9561,420,1927,3,0.3650397552785917,0.30299638676362695,0.025299583337923703,0.20694706248732236,0.22285406011569503,0.13832739621157908,0.20690713422938203,0.38998259152885484,0.4016881702661477,0.28938136039427564,0.14716914186587352,14,1.6928516391158108,0.19515271098807307,0.0,0.050803053542780835,0.7736307818265523
9761,220,968,3,0.04822460692615818,0.0,0.4782749152154699,0.08325705913304782,0.02201680838000476,0.0620032776877383,0.3662102371035597,0.0,0.43903424166333477,0.5,0.017471400997135587,16,10.0,0.17532829700673655,0.29842743606789335,0.1616028350375041,0.534906725070787
9910,71,150,2,0.5,0.35690907542718037,0.2703923757044615,0.02408368979622364,0.34139576537917915,0.47279041580554887,0.4167567334922523,0.26233775522926245,0.14694807887723166,0.0,0.28018124795442073,16,3.8575666245532156,0.3224385496178548,0.47460314177561186,0.047115526422523105,1.2289962999125053
9979,2,12001,6,0.4725244812876352,0.01569682278596647,0.39485780684322647,0.0,0.06269483562792987,0.15064193993952948,0.2620084734279482,0.3538692307115113,0.0019987831729709055,0.18764135494169754,0.18451430532762492,16,0.09265931510967566,0.08281102592450315,0.264585791763059,0.04856077824052583,0.18576738358952002
9935,46,98,4,0.4881368826017574,0.05675766732828342,0.3420500425910203,0.34404635238969344,0.054896337089670386,0.4781628205499505,0.19743593942242235,0.0019513486423535225,0.008327882602481828,0.2860046799766009,0.2808712482076326,13,5.004477602559829,0.2841131346855471,0.23092889513269765,0.39025744313606364,1.7447182859548784
9724,257,12001,2,0.36380735429776095,0.04730959341503636,0.4347178455653188,0.3391660961517916,0.30383076405169906,0.12301460292823557,0.18141688401940595,0.26022709141255684,0.06405991457449914,0.2670117398080587,0.33800596008247796,20,9.140754591021963,0.26521759524169397,0.14650428238346358,0.17783761248573043,1.6800854546987183
9401,580,733,1,0.16986350079955137,0.4135167654702626,0.03012696993016261,0.4661413633280521,0.4883833099764403,0.35833803981308643,0.403286493227457,0.05041396377360378,0.14432161218570008,0.13382018231545714,0.06833438255667315,19,2.893532572382802,0.1841402921913136,0.2929476443296209,0.04632428894299701,1.35552714939194
9895,86,108,1,0.12199079226721413,0.4711427063849687,0.0,0.3315787394987253,0.4191957598697699,0.33873479092131703,0.4599956925098232,0.09438991828344884,0.20231107352004996,0.09642712000745805,0.0,17,0.7424536823358058,0.07071418336177855,0.34952575905154776,0.0,1.7080542992865784
9928,53,12001,1,0.06387285000795462,0.38782941743269006,0.18204574532418913,0.5,0.17428993766315018,0.19715921960959312,0.3853467131926916,0.025122107313520173,0.4364207159320941,0.028559827500872853,0.13461633281857044,19,4.500313848535503,0.25895436514713993,0.22163036357189642,0.08693673756675745,1.9643306186501408
9801,180,294,1,0.29167679985490724,0.22508788883875083,0.042471735248804404,0.1486466905357124,0.031548287394583464,0.3889914783413221,0.321694671992314,0.3772230948362226,0.2203938580240429,0.00512062138387394,0.49217380201682503,19,1.473310907654021,0.03539383172270588,0.08262160132218108,0.23297571443089546,1.4180909170301308
9401,580,928,1,0.157149630874462,0.12896707593240395,0.3246647866777328,0.47027196193841625,0.3884478788304147,0.4897996085635442,0.40341906297407976,0.3907766465180281,0.13998161911485743,0.21110598465458646,0.15511947985625174,17,5.974604878703947,0.11651105632907892,0.02049270093560249,0.2971243153233146,1.5294350368617837
9401,580,691,1,0.19957158298940822,0.2542172276183978,0.16164514548101755,0.32698620984727145,0.4818451250556191,0.2809618723336294,0.38101785600154403,0.39173387868238624,0.22722098938588312,0.30921049412845386,0.08983931870275483,15,8.042872342046348,0.15450070118095346,0.2544891627367725,0.480337781674487,1.6995617913844634
9844,137,12001,6,0.31220282804079386,0.4789520419120748,0.23622509625817614,0.21020286066354327,0.40996843072523736,0.2596322704533633,0.49799963878484244,0.3861413437569331,0.32343002784755753,0.20401400754813212,0.06249879767922036,14,4.0419071586585185,0.302691927995426,0.10913353081170282,0.2599496988108161,0.3735732476544008
9441,540,12001,1,0.15520114747153682,0.06418348431814973,0.17569912537376414,0.2548781647262424,0.5,0.4499273219533724,0.15971763124844954,0.4746431955799296,0.252029334224903,0.38737317120900516,0.20601069360396682,17,6.654810167737459,0.1427799694341556,0.2727541871833439,0.495918613612744,1.8546573156351007
9927,54,12001,1,0.2023786964054316,0.3860734067578772,0.03483182659048509,0.35320906276056235,0.5,0.4632730035747663,0.08949630846554514,0.49518929628306874,0.01133368538441844,0.14521379950053312,0.4455333364148051,16,7.037299210429068,0.13654547241313353,0.1900814023842452,0.09655316529713397,1.9260136284186564
9561,420,693,1,0.32953325272834366,0.4319886408854744,0.4330673733648928,0.45802290826733805,0.4276571818492676,0.37398798749664547,0.4421619143796619,0.39961779702705036,0.3540978987447081,0.2826226096764687,0.13312871294981796,15,4.887369164541975,0.14880458695474355,0.2905202071602022,0.4108072465403437,1.3866985806184071
9401,580,1186,1,0.2156299447217462,0.1048889180360673,0.36931031870269465,0.2695886742283686,0.3435026264584566,0.3791736203274678,0.4229893750253584,0.3984821489664285,0.10463315927829746,0.381555920654072,0.10759469200325572,17,2.665570078079268,0.1435770908648801,0.06735414798194043,0.35442452444267397,1.053006012296795
9401,580,9089,1,0.08678820632499884,0.09311544819766257,0.33987841671559255,0.24416268312974157,0.22858816714171803,0.32285555919819925,0.4695946644946004,0.40116978337770226,0.27107254413912235,0.190095734610719,0.10286742306483801,17,5.466865774034227,0.1424124778646629,0.3788176031535342,0.4402553287704494,0.531857244036126
9893,88,114,2,0.25375767560976537,0.31824554363944196,0.3821065055455388,0.16168048187027925,0.19834000084224035,0.06545135124718797,0.19469477056387716,0.3855487002857033,0.22063222544508584,0.0009814180452261882,0.2773104762316039,15,5.1025369206052416,0.18269484935915603,0.43914405309773114,0.214780864094358,1.6294045460762725
9401,580,1614,0,0.10649798709122169,0.04578293159337544,0.21372527967972169,0.29841962706910946,0.4233287478944096,0.45349096117997556,0.39387710779288926,0.44710513335031377,0.19534148922668412,0.32152794006378155,0.10815455278618553,17,6.569744986333264,0.1347155738355872,0.2060442184219856,0.4927632451366389,1.2954032048706372
9981,0,12001,1,0.2543181515911725,0.07662248763858605,0.3462522487533871,0.4954675445783879,0.4284677509733277,0.45621618681962245,0.20898066461941767,0.4002224993736878,0.18867944138486825,0.27939407536966304,0.08524797423080788,15,8.49061380589115,0.13906516059535684,0.1584942187824671,0.3585460660665995,0.1645507929252113
9845,136,160,4,0.1857655988657725,0.152671604831401,0.09829353120739184,0.31192839546520856,0.49028119895289823,0.3181260456487539,0.40821349482659797,0.3904482632195653,0.14320103440349582,0.28524308566429496,0.06853191946761852,18,4.0908304273640645,0.15084814425216045,0.14028092571247477,0.11252102191796433,1.3720185718662106
9221,760,1891,1,0.23058728499246253,0.1313341649299889,0.04557532677106953,0.2329693543136276,0.21637742670339188,0.3206489163840703,0.4049114440198957,0.3139179660607873,0.02338609641975158,0.28643719637945364,0.2546186577007729,18,1.1797856784515734,0.14946219727682217,0.34176184671237864,0.41495533657501577,1.3193311186483538
9401,580,1503,1,0.1857374821654435,0.21156716501389083,0.11560822796501467,0.2934443150217537,0.20167477293684172,0.3147373222284606,0.3414713794162393,0.36633526096940533,0.27279401751471255,0.26509880613696124,0.17252328336787098,13,6.280949154484268,0.09874788226560814,0.29693101089551405,0.39548722060511027,1.2659311144803094
9401,580,1255,1,0.0961269244592788,0.18034528502200484,0.1372083139534152,0.007142821646682119,0.3932603203494176,0.31838098701447354,0.45037949837729735,0.3054383769519313,0.4381817566950064,0.1967655627459667,0.14111591920663585,20,4.738812547534904,0.16921152535647488,0.293424171275596,0.3640940962483232,1.113448868551218
9381,600,1695,1,0.19341848288181096,0.078323441339014,0.17206210646437162,0.4415677609863619,0.41494092628262214,0.4275798924740033,0.4339929810150224,0.05007553824019223,0.07302178065645498,0.29383594687221426,0.19352763364474773,20,5.65061398490526,0.29619180619914687,0.382040721654033,0.20590149720223472,1.3387345735616014
9361,620,1382,1,0.07752684394083943,0.0555494890616377,0.05858493094880533,0.17795396121687942,0.2992742761780805,0.06155497097375697,0.4058513793593731,0.1362769480421939,0.0,0.24081845450886452,0.3616924381980743,18,8.614650412874333,0.27499893324499236,0.37028759108116227,0.5,1.1877125993134179
9401,580,1989,1,0.04348739852557325,0.0,0.35654805169033155,0.3064943939762343,0.18318749820842525,0.4995225942053387,0.024589272106387554,0.3071537707160603,0.05386865663731152,0.3861352951175098,0.26499849594046154,20,6.215622343645164,0.018010314707916683,0.021575783659047113,0.5,1.446865595221954
9313,668,1432,1,0.0,0.0,0.0,0.17066819967496147,0.14593095953385024,0.0997212207958468,0.3406449276232186,0.06273671492569508,0.2172840302088482,0.07201334480411355,0.1338644515464162,17,0.578624222487029,0.3652916156549623,0.4665326128315537,0.5,0.7943937873680598
9261,720,6136,1,0.0,0.5,0.0,0.5,0.04696244611319437,0.44402479287974855,0.3615240038978506,0.33530302186838473,0.0,0.16179302834302695,0.4756829082356226,15,0.0,0.4989123309365926,0.26292801441727626,0.5,0.8784380659727973
9301,680,816,1,0.13227696875139205,0.07932356953144502,0.29699592942592384,0.3405733430580195,0.32330332830080827,0.41787557613025106,0.36529760487821766,0.33625298119274144,0.0,0.25094798092078435,0.10947045268580147,19,0.0,0.0059877359442215596,0.1494199381672499,0.4606049749277227,1.2265935747643228
9221,760,2019,1,0.029508146082803728,0.25478407362214434,0.35008443245782345,0.1394691903997065,0.15365960621365396,0.23566407103393633,0.4763679289669442,0.3466900044920725,0.0,0.13812979187296728,0.3040205915634781,19,0.0,0.31344943455335833,0.06808062460139548,0.20598826076667578,0.8910745035732237
9401,580,938,1,0.07882001653660367,0.4349399380854098,0.2192626400404035,0.2437011258411403,0.3145323792199582,0.12191188702552534,0.13842737154007964,0.0915607903208389,0.0,0.17212445423782316,0.06948878511510413,17,0.0,0.027148677984891928,0.28276699384436227,0.0,0.923206494545568
9181,800,2510,1,0.0,0.15055692993012412,0.30407727945611923,0.3146989483565146,0.08459364516425869,0.42767020939186173,0.5,0.27185986632868464,0.0,0.27747175511533123,0.3785671806899593,16,0.0,0.4960230426622148,0.15399633524003892,0.14220985184378235,1.2106004895555353
9261,720,1842,1,0.0,0.0,0.015193064207126234,0.35941819933938013,0.4346315232523287,0.17859488618471925,0.5,0.34715618968473383,0.05092387069948347,0.2899890180102467,0.37459839262565403,18,0.0,0.4649536212242268,0.0,0.1016316928435498,1.2510267936061603
9161,820,2039,1,0.0,0.0,0.016627304644303294,0.09884213283868597,0.29561700711224,0.4020005369660924,0.5,0.4610211355716289,0.0,0.3732478989497667,0.2762755314776376,17,0.0,0.26202453868013487,0.2378767081268176,0.3681776345718974,1.4803491141109553
9869,112,354,1,0.0,0.0,0.026535237859314637,0.2038197808424545,0.00966182668569304,0.19257112288036884,0.5,0.4288048861189136,0.12575709013074374,0.45146847286800185,0.3863134678332368,17,0.0,0.39230304560575696,0.10561940910553028,0.1336144225333401,1.6367788741318632
9041,940,2397,1,0.0,0.4233003261273385,0.0,0.30548070713107833,0.4288273429832474,0.4425359382174137,0.5,0.26293807552458426,0.0,0.24219030931833804,0.33363958225664997,15,0.0,0.4823041919520669,0.39889264575886,0.25488806935484287,1.2112779287540623
9041,940,3464,1,0.0,0.10546710296008067,0.0,0.34689141162152576,0.40381693564101445,0.3643662976154384,0.5,0.2049850710349432,0.0,0.23410429071609606,0.44929832863465613,13,0.0,0.37671347711525993,0.49904079838311277,0.28028057062909,1.2224272671720562
9101,880,2072,1,0.0,0.21508073599636363,0.46865851622969973,0.47824754295273036,0.28409530352422663,0.39837713719114454,0.5,0.3107997909910402,0.0,0.23566672046210707,0.3427648881177459,18,1.4646870225140947,0.4340419445522488,0.41008598801222507,0.2658352342842068,1.2156942582242354
9301,680,3652,1,0.0,0.25147206601805205,0.0,0.4600843269430854,0.4247819797637073,0.18546494884207013,0.5,0.46296160732211644,0.0,0.23188320594960987,0.35718158436705727,13,0.09900852465195106,0.23740675987034848,0.07050259900155421,0.26756200177913486,1.2164617820045311
9401,580,1059,1,0.0021621833246856003,0.2700131454454981,0.1691043886725651,0.27161184656781273,0.08804739035423391,0.14657148161624006,0.2880819641916469,0.4058728127471908,0.28786565503271294,0.24013030390564827,0.26060562338687954,16,0.0,0.49924615655090215,0.4996374582692483,0.2753112669752751,1.2209165082597644
9781,200,601,1,0.0,0.419957282987044,0.3776162522259505,0.22819321708979023,0.5,0.49646101040411184,0.49715239443945336,0.17526135752270044,0.0,0.013046355173019272,0.49953295770834155,14,3.15707791897246,0.15637548911089746,0.4986190062747382,0.25783659515344604,1.2118073102069202
9981,0,12001,1,0.0,0.13665679099207204,0.12368322586884764,0.0,0.32004901075677294,0.0,0.5,0.4742095510170838,0.0,0.04269219950551999,0.1858647815435327,17,4.369821361276673,0.5,0.05559525771653563,0.4952585660981058,0.0
9981,0,12001,10,0.0,0.1973423854149217,0.0,0.5,0.184218044008733,0.5,0.5,0.42801532339913634,0.5,0.5,0.36075010935887336,20,8.030747531601754,0.02821576616278139,0.0,0.33158600724483683,0.0
9361,620,1872,1,0.0,0.09126683973280618,0.0,0.33052090188774313,0.10496514370274293,0.37818247840171015,0.5,0.11904217644583523,0.0,0.25915487089129324,0.3333404136758735,14,0.0,0.5,0.253707464328729,0.3808743108207858,1.1963320228890566
9361,620,1062,1,0.0,0.4183920173399331,0.36203966151423134,0.27421997107990626,0.46517322244642445,0.5,0.2427578744260915,0.26597917894525663,0.0,0.2886519313100927,0.16361881181347784,18,2.8228757288966113,0.5,0.26024390579884005,0.2916487237898853,1.1870520396270803
9941,40,776,0,0.0,0.36697611548215947,0.46426045487531903,0.45548603633806517,0.0,0.5,0.5,0.09562452819352517,0.0,0.1364653265301194,0.10377039794066203,15,0.0,0.09740784892850182,0.23485160395241708,0.19597026690758995,0.7971813891820464
9241,740,2895,1,0.01242251809646888,0.24326914286327722,0.0006828579045002216,0.10879583902356506,0.4540371000773792,0.06732064622335586,0.4772805440811472,0.2425508664840854,0.0,0.23562691042305672,0.433760764042401,16,7.971151398120934,0.3311083525099197,0.29839579632760416,0.24507885294340087,1.217371043440918
9021,960,3209,1,0.0,0.3738693508948698,0.07438241930385271,0.0213865816155907,0.5,0.5,0.3714790202816227,0.267581190023016,0.0,0.2395107924637381,0.5,18,0.5803132495892664,0.29803973448861815,0.004493266203490302,0.012692394838726032,1.2473396966419092
9269,712,3344,1,0.0,0.14687795847556595,0.07106498270087219,0.38813568161178463,0.46947414424354855,0.5,0.4220535903335802,0.4220911171384085,0.0,0.31941459823018986,0.5,14,9.055536857033314,0.04392374158346933,0.2845259468183211,0.4625811935926325,1.3639102967816807
